trial_index,arm_name,metric_name,mean,sem,step,job_id,generation_node,status,bevelPosition,bevelAngle,outletWidth,rearBodyLength,rearBodyWidth,rearBodyPosition,rearBodyAngle,vane1Position,vane1FilletCoeff,vane1Leg1Length,vane1Leg1Angle,vane1Leg2Length,vane1Leg2Angle,vane2Position,vane2FilletCoeff,vane2Leg1Length,vane2Leg1Angle,vane2Leg2Length,vane2Leg2Angle,case_path
0,baseline,CH4DomainAvg,0.08227249553856587,,0.0,4069271,,COMPLETED,0.1,60,0.08,0.02,0.042,0.12,0,0.086,0.8,0.015,90,0.015,90,0.086,0.8,0.015,180,0.015,180,/tmp/data/trials/AVCs_trial_fd3219d2
0,baseline,ContinuityErrors,0.006139583068,,12.0,4069271,,COMPLETED,0.1,60,0.08,0.02,0.042,0.12,0,0.086,0.8,0.015,90,0.015,90,0.086,0.8,0.015,180,0.015,180,/tmp/data/trials/AVCs_trial_fd3219d2
0,baseline,PatternFactor,10.091988975628755,,0.0,4069271,,COMPLETED,0.1,60,0.08,0.02,0.042,0.12,0,0.086,0.8,0.015,90,0.015,90,0.086,0.8,0.015,180,0.015,180,/tmp/data/trials/AVCs_trial_fd3219d2
0,baseline,TemperatureRise,0.09015515632022293,,0.0,4069271,,COMPLETED,0.1,60,0.08,0.02,0.042,0.12,0,0.086,0.8,0.015,90,0.015,90,0.086,0.8,0.015,180,0.015,180,/tmp/data/trials/AVCs_trial_fd3219d2
1,1_0,CH4DomainAvg,0.07699869826011214,,0.0,4071543,CenterOfSearchSpace,COMPLETED,0.2,60,0.0825,0.02,0.0325,0.21,0,0.103,0.5,0.015,102,0.015,62,0.103,0.5,0.015,197,0.015,167,/tmp/data/trials/AVCs_trial_bac9f941
1,1_0,ContinuityErrors,0.005074881623,,24.0,4071543,CenterOfSearchSpace,COMPLETED,0.2,60,0.0825,0.02,0.0325,0.21,0,0.103,0.5,0.015,102,0.015,62,0.103,0.5,0.015,197,0.015,167,/tmp/data/trials/AVCs_trial_bac9f941
1,1_0,PatternFactor,11.252228211742604,,0.0,4071543,CenterOfSearchSpace,COMPLETED,0.2,60,0.0825,0.02,0.0325,0.21,0,0.103,0.5,0.015,102,0.015,62,0.103,0.5,0.015,197,0.015,167,/tmp/data/trials/AVCs_trial_bac9f941
1,1_0,TemperatureRise,0.08161780720355782,,0.0,4071543,CenterOfSearchSpace,COMPLETED,0.2,60,0.0825,0.02,0.0325,0.21,0,0.103,0.5,0.015,102,0.015,62,0.103,0.5,0.015,197,0.015,167,/tmp/data/trials/AVCs_trial_bac9f941
2,2_0,CH4DomainAvg,0.07097773584360566,,0.0,4072444,Sobol,COMPLETED,0.1962515413761139,109,0.0763542015850544,0.022552649974822994,0.02337124355137348,0.22915170192718504,42,0.09831706136465072,0.0,0.01976165235042572,93,0.011886731088161469,77,0.094925323843956,0.8,0.011714889109134674,189,0.01306289166212082,168,/tmp/data/trials/AVCs_trial_bdac23ee
2,2_0,ContinuityErrors,0.005047892911,,24.0,4072444,Sobol,COMPLETED,0.1962515413761139,109,0.0763542015850544,0.022552649974822994,0.02337124355137348,0.22915170192718504,42,0.09831706136465072,0.0,0.01976165235042572,93,0.011886731088161469,77,0.094925323843956,0.8,0.011714889109134674,189,0.01306289166212082,168,/tmp/data/trials/AVCs_trial_bdac23ee
2,2_0,PatternFactor,11.702106906228687,,0.0,4072444,Sobol,COMPLETED,0.1962515413761139,109,0.0763542015850544,0.022552649974822994,0.02337124355137348,0.22915170192718504,42,0.09831706136465072,0.0,0.01976165235042572,93,0.011886731088161469,77,0.094925323843956,0.8,0.011714889109134674,189,0.01306289166212082,168,/tmp/data/trials/AVCs_trial_bdac23ee
2,2_0,TemperatureRise,0.07872709680231343,,0.0,4072444,Sobol,COMPLETED,0.1962515413761139,109,0.0763542015850544,0.022552649974822994,0.02337124355137348,0.22915170192718504,42,0.09831706136465072,0.0,0.01976165235042572,93,0.011886731088161469,77,0.094925323843956,0.8,0.011714889109134674,189,0.01306289166212082,168,/tmp/data/trials/AVCs_trial_bdac23ee
3,3_0,CH4DomainAvg,0.06972160984170465,,0.0,4073148,Sobol,COMPLETED,0.23719819635152817,48,0.08945517652202398,0.018194127846509218,0.04064390054438263,0.14712284741923212,-22,0.11560862826928496,0.8,0.013039912376552821,118,0.016494422797113658,33,0.11663126172684132,0.5,0.01739337168633938,213,0.01585770446807146,151,/tmp/data/trials/AVCs_trial_57179c63
3,3_0,ContinuityErrors,0.004772888593,,25.0,4073148,Sobol,COMPLETED,0.23719819635152817,48,0.08945517652202398,0.018194127846509218,0.04064390054438263,0.14712284741923212,-22,0.11560862826928496,0.8,0.013039912376552821,118,0.016494422797113658,33,0.11663126172684132,0.5,0.01739337168633938,213,0.01585770446807146,151,/tmp/data/trials/AVCs_trial_57179c63
3,3_0,PatternFactor,9.448067842132168,,0.0,4073148,Sobol,COMPLETED,0.23719819635152817,48,0.08945517652202398,0.018194127846509218,0.04064390054438263,0.14712284741923212,-22,0.11560862826928496,0.8,0.013039912376552821,118,0.016494422797113658,33,0.11663126172684132,0.5,0.01739337168633938,213,0.01585770446807146,151,/tmp/data/trials/AVCs_trial_57179c63
3,3_0,TemperatureRise,0.09571147652463242,,0.0,4073148,Sobol,COMPLETED,0.23719819635152817,48,0.08945517652202398,0.018194127846509218,0.04064390054438263,0.14712284741923212,-22,0.11560862826928496,0.8,0.013039912376552821,118,0.016494422797113658,33,0.11663126172684132,0.5,0.01739337168633938,213,0.01585770446807146,151,/tmp/data/trials/AVCs_trial_57179c63
4,4_0,CH4DomainAvg,0.0869386844612238,,0.0,4079200,Sobol,COMPLETED,0.2518687717616558,75,0.07498578548431398,0.028978111930191515,0.0387275446485728,0.19707511201500894,5,0.10803347622230648,0.8,0.011411554124206304,104,0.018882162552326918,86,0.09445961389876902,0.0,0.014590422548353672,198,0.012319105584174395,164,/tmp/data/trials/AVCs_trial_0d141a3d
4,4_0,ContinuityErrors,0.004045273905,,27.0,4079200,Sobol,COMPLETED,0.2518687717616558,75,0.07498578548431398,0.028978111930191515,0.0387275446485728,0.19707511201500894,5,0.10803347622230648,0.8,0.011411554124206304,104,0.018882162552326918,86,0.09445961389876902,0.0,0.014590422548353672,198,0.012319105584174395,164,/tmp/data/trials/AVCs_trial_0d141a3d
4,4_0,PatternFactor,10.166779292535416,,0.0,4079200,Sobol,COMPLETED,0.2518687717616558,75,0.07498578548431398,0.028978111930191515,0.0387275446485728,0.19707511201500894,5,0.10803347622230648,0.8,0.011411554124206304,104,0.018882162552326918,86,0.09445961389876902,0.0,0.014590422548353672,198,0.012319105584174395,164,/tmp/data/trials/AVCs_trial_0d141a3d
4,4_0,TemperatureRise,0.08955133560027137,,0.0,4079200,Sobol,COMPLETED,0.2518687717616558,75,0.07498578548431398,0.028978111930191515,0.0387275446485728,0.19707511201500894,5,0.10803347622230648,0.8,0.011411554124206304,104,0.018882162552326918,86,0.09445961389876902,0.0,0.014590422548353672,198,0.012319105584174395,164,/tmp/data/trials/AVCs_trial_0d141a3d
5,5_0,CH4DomainAvg,0.082197610576889,,0.0,4080324,BoTorch,COMPLETED,0.12934477620525517,54,0.07742635810344134,0.02483929179595054,0.045,0.12,3,0.09066789863604338,0.8,0.01072430744193379,112,0.01834068433510723,73,0.086,0.5,0.015680737033003614,183,0.013707796449763837,175,/tmp/data/trials/AVCs_trial_688445cc
5,5_0,ContinuityErrors,0.005248784381,,26.0,4080324,BoTorch,COMPLETED,0.12934477620525517,54,0.07742635810344134,0.02483929179595054,0.045,0.12,3,0.09066789863604338,0.8,0.01072430744193379,112,0.01834068433510723,73,0.086,0.5,0.015680737033003614,183,0.013707796449763837,175,/tmp/data/trials/AVCs_trial_688445cc
5,5_0,PatternFactor,9.54886164751513,,0.0,4080324,BoTorch,COMPLETED,0.12934477620525517,54,0.07742635810344134,0.02483929179595054,0.045,0.12,3,0.09066789863604338,0.8,0.01072430744193379,112,0.01834068433510723,73,0.086,0.5,0.015680737033003614,183,0.013707796449763837,175,/tmp/data/trials/AVCs_trial_688445cc
5,5_0,TemperatureRise,0.09479695851689912,,0.0,4080324,BoTorch,COMPLETED,0.12934477620525517,54,0.07742635810344134,0.02483929179595054,0.045,0.12,3,0.09066789863604338,0.8,0.01072430744193379,112,0.01834068433510723,73,0.086,0.5,0.015680737033003614,183,0.013707796449763837,175,/tmp/data/trials/AVCs_trial_688445cc
6,6_0,CH4DomainAvg,0.07719278903809045,,0.0,4081578,BoTorch,COMPLETED,0.2457805685798346,107,0.09230623430456278,0.017043109193605507,0.04318166806760401,0.1249980521889736,-13,0.11954479769106363,0.8,0.012506209269679526,119,0.016843115530868605,41,0.12,0.5,0.018272158418541382,212,0.016328389604118712,152,/tmp/data/trials/AVCs_trial_24e672ef
6,6_0,ContinuityErrors,0.005054921229,,28.0,4081578,BoTorch,COMPLETED,0.2457805685798346,107,0.09230623430456278,0.017043109193605507,0.04318166806760401,0.1249980521889736,-13,0.11954479769106363,0.8,0.012506209269679526,119,0.016843115530868605,41,0.12,0.5,0.018272158418541382,212,0.016328389604118712,152,/tmp/data/trials/AVCs_trial_24e672ef
6,6_0,PatternFactor,9.779223308296437,,0.0,4081578,BoTorch,COMPLETED,0.2457805685798346,107,0.09230623430456278,0.017043109193605507,0.04318166806760401,0.1249980521889736,-13,0.11954479769106363,0.8,0.012506209269679526,119,0.016843115530868605,41,0.12,0.5,0.018272158418541382,212,0.016328389604118712,152,/tmp/data/trials/AVCs_trial_24e672ef
6,6_0,TemperatureRise,0.09277106257093039,,0.0,4081578,BoTorch,COMPLETED,0.2457805685798346,107,0.09230623430456278,0.017043109193605507,0.04318166806760401,0.1249980521889736,-13,0.11954479769106363,0.8,0.012506209269679526,119,0.016843115530868605,41,0.12,0.5,0.018272158418541382,212,0.016328389604118712,152,/tmp/data/trials/AVCs_trial_24e672ef
7,7_0,CH4DomainAvg,0.0760159305854013,,0.0,4087595,BoTorch,COMPLETED,0.2223229515375286,22,0.09046422916270022,0.019007522660341933,0.045,0.12,-76,0.11571113979915926,0.8,0.011222616369122973,100,0.01778027242411296,47,0.11904055014135051,0.5,0.018277639350144044,206,0.015801967437275685,150,/tmp/data/trials/AVCs_trial_c7add91d
7,7_0,ContinuityErrors,0.004969031617,,30.0,4087595,BoTorch,COMPLETED,0.2223229515375286,22,0.09046422916270022,0.019007522660341933,0.045,0.12,-76,0.11571113979915926,0.8,0.011222616369122973,100,0.01778027242411296,47,0.11904055014135051,0.5,0.018277639350144044,206,0.015801967437275685,150,/tmp/data/trials/AVCs_trial_c7add91d
7,7_0,PatternFactor,10.37285366228446,,0.0,4087595,BoTorch,COMPLETED,0.2223229515375286,22,0.09046422916270022,0.019007522660341933,0.045,0.12,-76,0.11571113979915926,0.8,0.011222616369122973,100,0.01778027242411296,47,0.11904055014135051,0.5,0.018277639350144044,206,0.015801967437275685,150,/tmp/data/trials/AVCs_trial_c7add91d
7,7_0,TemperatureRise,0.08792867908924897,,0.0,4087595,BoTorch,COMPLETED,0.2223229515375286,22,0.09046422916270022,0.019007522660341933,0.045,0.12,-76,0.11571113979915926,0.8,0.011222616369122973,100,0.01778027242411296,47,0.11904055014135051,0.5,0.018277639350144044,206,0.015801967437275685,150,/tmp/data/trials/AVCs_trial_c7add91d
8,8_0,CH4DomainAvg,0.07347171118396906,,0.0,4089001,BoTorch,COMPLETED,0.217298760211846,67,0.08892018045334779,0.020652329094506854,0.045,0.12,-8,0.11208858446381213,0.8,0.010392704913884545,106,0.018663622111470976,36,0.1140164636201415,0.5,0.01802791397245349,212,0.015243414615403317,164,/tmp/data/trials/AVCs_trial_0b9b8c80
8,8_0,ContinuityErrors,0.004876630319,,27.0,4089001,BoTorch,COMPLETED,0.217298760211846,67,0.08892018045334779,0.020652329094506854,0.045,0.12,-8,0.11208858446381213,0.8,0.010392704913884545,106,0.018663622111470976,36,0.1140164636201415,0.5,0.01802791397245349,212,0.015243414615403317,164,/tmp/data/trials/AVCs_trial_0b9b8c80
8,8_0,PatternFactor,8.399721762603487,,0.0,4089001,BoTorch,COMPLETED,0.217298760211846,67,0.08892018045334779,0.020652329094506854,0.045,0.12,-8,0.11208858446381213,0.8,0.010392704913884545,106,0.018663622111470976,36,0.1140164636201415,0.5,0.01802791397245349,212,0.015243414615403317,164,/tmp/data/trials/AVCs_trial_0b9b8c80
8,8_0,TemperatureRise,0.10638612772331944,,0.0,4089001,BoTorch,COMPLETED,0.217298760211846,67,0.08892018045334779,0.020652329094506854,0.045,0.12,-8,0.11208858446381213,0.8,0.010392704913884545,106,0.018663622111470976,36,0.1140164636201415,0.5,0.01802791397245349,212,0.015243414615403317,164,/tmp/data/trials/AVCs_trial_0b9b8c80
9,9_0,CH4DomainAvg,0.07982569105771706,,0.0,4090653,BoTorch,COMPLETED,0.19977922808393467,17,0.08661325158029652,0.020532922170398815,0.04410607499512178,0.12392524523239076,9,0.1080109420280239,0.8,0.01150667982498609,105,0.017685645641535148,37,0.11076673381909123,0.5,0.01725478882189936,212,0.015157150419858349,162,/tmp/data/trials/AVCs_trial_d39876c7
9,9_0,ContinuityErrors,0.004638129321,,28.0,4090653,BoTorch,COMPLETED,0.19977922808393467,17,0.08661325158029652,0.020532922170398815,0.04410607499512178,0.12392524523239076,9,0.1080109420280239,0.8,0.01150667982498609,105,0.017685645641535148,37,0.11076673381909123,0.5,0.01725478882189936,212,0.015157150419858349,162,/tmp/data/trials/AVCs_trial_d39876c7
9,9_0,PatternFactor,11.107080806527252,,0.0,4090653,BoTorch,COMPLETED,0.19977922808393467,17,0.08661325158029652,0.020532922170398815,0.04410607499512178,0.12392524523239076,9,0.1080109420280239,0.8,0.01150667982498609,105,0.017685645641535148,37,0.11076673381909123,0.5,0.01725478882189936,212,0.015157150419858349,162,/tmp/data/trials/AVCs_trial_d39876c7
9,9_0,TemperatureRise,0.08259629352278487,,0.0,4090653,BoTorch,COMPLETED,0.19977922808393467,17,0.08661325158029652,0.020532922170398815,0.04410607499512178,0.12392524523239076,9,0.1080109420280239,0.8,0.01150667982498609,105,0.017685645641535148,37,0.11076673381909123,0.5,0.01725478882189936,212,0.015157150419858349,162,/tmp/data/trials/AVCs_trial_d39876c7
10,10_0,CH4DomainAvg,0.07218015994369346,,0.0,4095730,BoTorch,COMPLETED,0.21455370459123896,19,0.08883902242217574,0.02105607174423914,0.045,0.12,-33,0.11078223881019632,0.8,0.010001274852539732,117,0.019058112941851273,32,0.11455027240609467,0.5,0.017976772449664988,191,0.015200433954225337,166,/tmp/data/trials/AVCs_trial_0368b208
10,10_0,ContinuityErrors,0.005033087593,,28.0,4095730,BoTorch,COMPLETED,0.21455370459123896,19,0.08883902242217574,0.02105607174423914,0.045,0.12,-33,0.11078223881019632,0.8,0.010001274852539732,117,0.019058112941851273,32,0.11455027240609467,0.5,0.017976772449664988,191,0.015200433954225337,166,/tmp/data/trials/AVCs_trial_0368b208
10,10_0,PatternFactor,10.59418732481859,,0.0,4095730,BoTorch,COMPLETED,0.21455370459123896,19,0.08883902242217574,0.02105607174423914,0.045,0.12,-33,0.11078223881019632,0.8,0.010001274852539732,117,0.019058112941851273,32,0.11455027240609467,0.5,0.017976772449664988,191,0.015200433954225337,166,/tmp/data/trials/AVCs_trial_0368b208
10,10_0,TemperatureRise,0.08625011585412233,,0.0,4095730,BoTorch,COMPLETED,0.21455370459123896,19,0.08883902242217574,0.02105607174423914,0.045,0.12,-33,0.11078223881019632,0.8,0.010001274852539732,117,0.019058112941851273,32,0.11455027240609467,0.5,0.017976772449664988,191,0.015200433954225337,166,/tmp/data/trials/AVCs_trial_0368b208
11,11_0,CH4DomainAvg,0.07061312783902589,,0.0,4097049,BoTorch,COMPLETED,0.22811513095575783,27,0.08793560492754496,0.019542826370401143,0.04235509514078834,0.12,7,0.11289710328810551,0.8,0.012542517909718387,90,0.017204721488582594,34,0.11205347222513783,0.5,0.017169950105010663,217,0.015374969939930745,168,/tmp/data/trials/AVCs_trial_57c8b045
11,11_0,ContinuityErrors,0.004449345265,,28.0,4097049,BoTorch,COMPLETED,0.22811513095575783,27,0.08793560492754496,0.019542826370401143,0.04235509514078834,0.12,7,0.11289710328810551,0.8,0.012542517909718387,90,0.017204721488582594,34,0.11205347222513783,0.5,0.017169950105010663,217,0.015374969939930745,168,/tmp/data/trials/AVCs_trial_57c8b045
11,11_0,PatternFactor,10.324256149447857,,0.0,4097049,BoTorch,COMPLETED,0.22811513095575783,27,0.08793560492754496,0.019542826370401143,0.04235509514078834,0.12,7,0.11289710328810551,0.8,0.012542517909718387,90,0.017204721488582594,34,0.11205347222513783,0.5,0.017169950105010663,217,0.015374969939930745,168,/tmp/data/trials/AVCs_trial_57c8b045
11,11_0,TemperatureRise,0.08830602088144726,,0.0,4097049,BoTorch,COMPLETED,0.22811513095575783,27,0.08793560492754496,0.019542826370401143,0.04235509514078834,0.12,7,0.11289710328810551,0.8,0.012542517909718387,90,0.017204721488582594,34,0.11205347222513783,0.5,0.017169950105010663,217,0.015374969939930745,168,/tmp/data/trials/AVCs_trial_57c8b045
12,12_0,CH4DomainAvg,0.08441214850957965,,0.0,4100037,BoTorch,COMPLETED,0.2280984380164867,63,0.09252224325066856,0.018542367464143117,0.045,0.12,21,0.11612470668616882,0.8,0.010058314349827548,118,0.01873640532563314,35,0.12,0.5,0.0185503059173906,192,0.0157776752326025,174,/tmp/data/trials/AVCs_trial_7c79f965
12,12_0,ContinuityErrors,0.004573610641,,28.0,4100037,BoTorch,COMPLETED,0.2280984380164867,63,0.09252224325066856,0.018542367464143117,0.045,0.12,21,0.11612470668616882,0.8,0.010058314349827548,118,0.01873640532563314,35,0.12,0.5,0.0185503059173906,192,0.0157776752326025,174,/tmp/data/trials/AVCs_trial_7c79f965
12,12_0,PatternFactor,10.931874094166508,,0.0,4100037,BoTorch,COMPLETED,0.2280984380164867,63,0.09252224325066856,0.018542367464143117,0.045,0.12,21,0.11612470668616882,0.8,0.010058314349827548,118,0.01873640532563314,35,0.12,0.5,0.0185503059173906,192,0.0157776752326025,174,/tmp/data/trials/AVCs_trial_7c79f965
12,12_0,TemperatureRise,0.08380913108100091,,0.0,4100037,BoTorch,COMPLETED,0.2280984380164867,63,0.09252224325066856,0.018542367464143117,0.045,0.12,21,0.11612470668616882,0.8,0.010058314349827548,118,0.01873640532563314,35,0.12,0.5,0.0185503059173906,192,0.0157776752326025,174,/tmp/data/trials/AVCs_trial_7c79f965
13,13_0,CH4DomainAvg,0.08529840512296255,,0.0,4109225,BoTorch,COMPLETED,0.22239237047508234,72,0.08846019997242821,0.02185989372935924,0.045,0.12,-10,0.11309986195450462,0.8,0.01,119,0.01960410594238375,72,0.11543200777731918,0.5,0.018547016017701434,190,0.01513156576610571,154,/tmp/data/trials/AVCs_trial_af9e79d9
13,13_0,ContinuityErrors,0.004642776239,,28.0,4109225,BoTorch,COMPLETED,0.22239237047508234,72,0.08846019997242821,0.02185989372935924,0.045,0.12,-10,0.11309986195450462,0.8,0.01,119,0.01960410594238375,72,0.11543200777731918,0.5,0.018547016017701434,190,0.01513156576610571,154,/tmp/data/trials/AVCs_trial_af9e79d9
13,13_0,PatternFactor,9.458728656331363,,0.0,4109225,BoTorch,COMPLETED,0.22239237047508234,72,0.08846019997242821,0.02185989372935924,0.045,0.12,-10,0.11309986195450462,0.8,0.01,119,0.01960410594238375,72,0.11543200777731918,0.5,0.018547016017701434,190,0.01513156576610571,154,/tmp/data/trials/AVCs_trial_af9e79d9
13,13_0,TemperatureRise,0.09561391569276764,,0.0,4109225,BoTorch,COMPLETED,0.22239237047508234,72,0.08846019997242821,0.02185989372935924,0.045,0.12,-10,0.11309986195450462,0.8,0.01,119,0.01960410594238375,72,0.11543200777731918,0.5,0.018547016017701434,190,0.01513156576610571,154,/tmp/data/trials/AVCs_trial_af9e79d9
14,14_0,CH4DomainAvg,0.07600774921490183,,0.0,4110620,BoTorch,COMPLETED,0.3,64,0.08757030667796796,0.023549963557679604,0.045,0.12,23,0.11522602601881636,0.8,0.01,112,0.019882357222188226,46,0.10312259144049903,0.0,0.01760710423415647,191,0.01412242909665475,181,/tmp/data/trials/AVCs_trial_e4f55aae
14,14_0,ContinuityErrors,0.005034451999,,30.0,4110620,BoTorch,COMPLETED,0.3,64,0.08757030667796796,0.023549963557679604,0.045,0.12,23,0.11522602601881636,0.8,0.01,112,0.019882357222188226,46,0.10312259144049903,0.0,0.01760710423415647,191,0.01412242909665475,181,/tmp/data/trials/AVCs_trial_e4f55aae
14,14_0,PatternFactor,11.24365153974979,,0.0,4110620,BoTorch,COMPLETED,0.3,64,0.08757030667796796,0.023549963557679604,0.045,0.12,23,0.11522602601881636,0.8,0.01,112,0.019882357222188226,46,0.10312259144049903,0.0,0.01760710423415647,191,0.01412242909665475,181,/tmp/data/trials/AVCs_trial_e4f55aae
14,14_0,TemperatureRise,0.08167498043810188,,0.0,4110620,BoTorch,COMPLETED,0.3,64,0.08757030667796796,0.023549963557679604,0.045,0.12,23,0.11522602601881636,0.8,0.01,112,0.019882357222188226,46,0.10312259144049903,0.0,0.01760710423415647,191,0.01412242909665475,181,/tmp/data/trials/AVCs_trial_e4f55aae
15,15_0,CH4DomainAvg,0.08228753138029522,,0.0,4112149,BoTorch,COMPLETED,0.22249184192927787,68,0.08908425851114113,0.020530640608694774,0.04442618171901922,0.12,-13,0.1128344586324679,0.8,0.010620502030370038,106,0.01864495713350168,33,0.11432630587314817,0.5,0.017956587464303723,216,0.015288563056671355,159,/tmp/data/trials/AVCs_trial_d4c6d7e6
15,15_0,ContinuityErrors,0.004583471535,,28.0,4112149,BoTorch,COMPLETED,0.22249184192927787,68,0.08908425851114113,0.020530640608694774,0.04442618171901922,0.12,-13,0.1128344586324679,0.8,0.010620502030370038,106,0.01864495713350168,33,0.11432630587314817,0.5,0.017956587464303723,216,0.015288563056671355,159,/tmp/data/trials/AVCs_trial_d4c6d7e6
15,15_0,PatternFactor,9.300638176984146,,0.0,4112149,BoTorch,COMPLETED,0.22249184192927787,68,0.08908425851114113,0.020530640608694774,0.04442618171901922,0.12,-13,0.1128344586324679,0.8,0.010620502030370038,106,0.01864495713350168,33,0.11432630587314817,0.5,0.017956587464303723,216,0.015288563056671355,159,/tmp/data/trials/AVCs_trial_d4c6d7e6
15,15_0,TemperatureRise,0.09708136358331765,,0.0,4112149,BoTorch,COMPLETED,0.22249184192927787,68,0.08908425851114113,0.020530640608694774,0.04442618171901922,0.12,-13,0.1128344586324679,0.8,0.010620502030370038,106,0.01864495713350168,33,0.11432630587314817,0.5,0.017956587464303723,216,0.015288563056671355,159,/tmp/data/trials/AVCs_trial_d4c6d7e6
16,16_0,CH4DomainAvg,0.06624350483607286,,0.0,4120287,BoTorch,COMPLETED,0.22782987198917407,54,0.08750366820294495,0.019482134041245127,0.03980394980430286,0.12785934854284742,-12,0.11355232405700029,0.8,0.012760369467394037,100,0.016871027522944507,37,0.1099965421116791,0.5,0.01699125817116797,200,0.015306058116313456,165,/tmp/data/trials/AVCs_trial_e7dc1280
16,16_0,ContinuityErrors,0.005725390071,,28.0,4120287,BoTorch,COMPLETED,0.22782987198917407,54,0.08750366820294495,0.019482134041245127,0.03980394980430286,0.12785934854284742,-12,0.11355232405700029,0.8,0.012760369467394037,100,0.016871027522944507,37,0.1099965421116791,0.5,0.01699125817116797,200,0.015306058116313456,165,/tmp/data/trials/AVCs_trial_e7dc1280
16,16_0,PatternFactor,10.70909058101493,,0.0,4120287,BoTorch,COMPLETED,0.22782987198917407,54,0.08750366820294495,0.019482134041245127,0.03980394980430286,0.12785934854284742,-12,0.11355232405700029,0.8,0.012760369467394037,100,0.016871027522944507,37,0.1099965421116791,0.5,0.01699125817116797,200,0.015306058116313456,165,/tmp/data/trials/AVCs_trial_e7dc1280
16,16_0,TemperatureRise,0.08540372910099404,,0.0,4120287,BoTorch,COMPLETED,0.22782987198917407,54,0.08750366820294495,0.019482134041245127,0.03980394980430286,0.12785934854284742,-12,0.11355232405700029,0.8,0.012760369467394037,100,0.016871027522944507,37,0.1099965421116791,0.5,0.01699125817116797,200,0.015306058116313456,165,/tmp/data/trials/AVCs_trial_e7dc1280
17,17_0,CH4DomainAvg,0.08559091459946015,,0.0,4122510,BoTorch,COMPLETED,0.24852236732732513,63,0.08882345968825416,0.020505274632170303,0.045,0.12,-61,0.11368558441339181,0.8,0.010382651719318093,113,0.01846488334336705,45,0.11299960627889413,0.5,0.01810873066513781,217,0.01520686973947954,158,/tmp/data/trials/AVCs_trial_8a583fb5
17,17_0,ContinuityErrors,0.00465705753,,29.0,4122510,BoTorch,COMPLETED,0.24852236732732513,63,0.08882345968825416,0.020505274632170303,0.045,0.12,-61,0.11368558441339181,0.8,0.010382651719318093,113,0.01846488334336705,45,0.11299960627889413,0.5,0.01810873066513781,217,0.01520686973947954,158,/tmp/data/trials/AVCs_trial_8a583fb5
17,17_0,PatternFactor,8.469401714162931,,0.0,4122510,BoTorch,COMPLETED,0.24852236732732513,63,0.08882345968825416,0.020505274632170303,0.045,0.12,-61,0.11368558441339181,0.8,0.010382651719318093,113,0.01846488334336705,45,0.11299960627889413,0.5,0.01810873066513781,217,0.01520686973947954,158,/tmp/data/trials/AVCs_trial_8a583fb5
17,17_0,TemperatureRise,0.10560329260341209,,0.0,4122510,BoTorch,COMPLETED,0.24852236732732513,63,0.08882345968825416,0.020505274632170303,0.045,0.12,-61,0.11368558441339181,0.8,0.010382651719318093,113,0.01846488334336705,45,0.11299960627889413,0.5,0.01810873066513781,217,0.01520686973947954,158,/tmp/data/trials/AVCs_trial_8a583fb5
18,18_0,CH4DomainAvg,0.06834662175751714,,0.0,4123798,BoTorch,COMPLETED,0.2260013134833608,79,0.08900225886825071,0.019451305316346718,0.043007836137631865,0.15652609889798302,36,0.11340261505153093,0.8,0.0115477494978808,87,0.01754087036573578,40,0.11581609490630468,0.5,0.01770859340083451,207,0.015458691067030024,150,/tmp/data/trials/AVCs_trial_e8a0ca53
18,18_0,ContinuityErrors,0.004429274344,,28.0,4123798,BoTorch,COMPLETED,0.2260013134833608,79,0.08900225886825071,0.019451305316346718,0.043007836137631865,0.15652609889798302,36,0.11340261505153093,0.8,0.0115477494978808,87,0.01754087036573578,40,0.11581609490630468,0.5,0.01770859340083451,207,0.015458691067030024,150,/tmp/data/trials/AVCs_trial_e8a0ca53
18,18_0,PatternFactor,8.485544806550196,,0.0,4123798,BoTorch,COMPLETED,0.2260013134833608,79,0.08900225886825071,0.019451305316346718,0.043007836137631865,0.15652609889798302,36,0.11340261505153093,0.8,0.0115477494978808,87,0.01754087036573578,40,0.11581609490630468,0.5,0.01770859340083451,207,0.015458691067030024,150,/tmp/data/trials/AVCs_trial_e8a0ca53
18,18_0,TemperatureRise,0.10542357032665693,,0.0,4123798,BoTorch,COMPLETED,0.2260013134833608,79,0.08900225886825071,0.019451305316346718,0.043007836137631865,0.15652609889798302,36,0.11340261505153093,0.8,0.0115477494978808,87,0.01754087036573578,40,0.11581609490630468,0.5,0.01770859340083451,207,0.015458691067030024,150,/tmp/data/trials/AVCs_trial_e8a0ca53
19,19_0,CH4DomainAvg,0.07607066213688889,,0.0,4130688,BoTorch,COMPLETED,0.23177206771196884,65,0.08878956674269667,0.020244650140613444,0.04023494739301815,0.12442027470127764,-53,0.11236577024821576,0.8,0.011148376255539756,110,0.01812819687420458,36,0.11373598130569296,0.5,0.017866427017430256,209,0.015284373326898262,173,/tmp/data/trials/AVCs_trial_8b0b433e
19,19_0,ContinuityErrors,0.003579095436,,27.0,4130688,BoTorch,COMPLETED,0.23177206771196884,65,0.08878956674269667,0.020244650140613444,0.04023494739301815,0.12442027470127764,-53,0.11236577024821576,0.8,0.011148376255539756,110,0.01812819687420458,36,0.11373598130569296,0.5,0.017866427017430256,209,0.015284373326898262,173,/tmp/data/trials/AVCs_trial_8b0b433e
19,19_0,PatternFactor,10.627975689527615,,0.0,4130688,BoTorch,COMPLETED,0.23177206771196884,65,0.08878956674269667,0.020244650140613444,0.04023494739301815,0.12442027470127764,-53,0.11236577024821576,0.8,0.011148376255539756,110,0.01812819687420458,36,0.11373598130569296,0.5,0.017866427017430256,209,0.015284373326898262,173,/tmp/data/trials/AVCs_trial_8b0b433e
19,19_0,TemperatureRise,0.08599949180325685,,0.0,4130688,BoTorch,COMPLETED,0.23177206771196884,65,0.08878956674269667,0.020244650140613444,0.04023494739301815,0.12442027470127764,-53,0.11236577024821576,0.8,0.011148376255539756,110,0.01812819687420458,36,0.11373598130569296,0.5,0.017866427017430256,209,0.015284373326898262,173,/tmp/data/trials/AVCs_trial_8b0b433e
20,20_0,CH4DomainAvg,0.06793991553582863,,0.0,4132472,BoTorch,COMPLETED,0.23073873892590857,67,0.08884894973121168,0.020595334377809568,0.045,0.12,35,0.11304026891309707,0.8,0.01273410445318344,99,0.01836701384840329,40,0.11324189838833479,0.5,0.018075845332131826,212,0.015213391429732824,151,/tmp/data/trials/AVCs_trial_6d2d89ed
20,20_0,ContinuityErrors,0.004855676114,,28.0,4132472,BoTorch,COMPLETED,0.23073873892590857,67,0.08884894973121168,0.020595334377809568,0.045,0.12,35,0.11304026891309707,0.8,0.01273410445318344,99,0.01836701384840329,40,0.11324189838833479,0.5,0.018075845332131826,212,0.015213391429732824,151,/tmp/data/trials/AVCs_trial_6d2d89ed
20,20_0,PatternFactor,9.335244868851031,,0.0,4132472,BoTorch,COMPLETED,0.23073873892590857,67,0.08884894973121168,0.020595334377809568,0.045,0.12,35,0.11304026891309707,0.8,0.01273410445318344,99,0.01836701384840329,40,0.11324189838833479,0.5,0.018075845332131826,212,0.015213391429732824,151,/tmp/data/trials/AVCs_trial_6d2d89ed
20,20_0,TemperatureRise,0.09675629486185267,,0.0,4132472,BoTorch,COMPLETED,0.23073873892590857,67,0.08884894973121168,0.020595334377809568,0.045,0.12,35,0.11304026891309707,0.8,0.01273410445318344,99,0.01836701384840329,40,0.11324189838833479,0.5,0.018075845332131826,212,0.015213391429732824,151,/tmp/data/trials/AVCs_trial_6d2d89ed
21,21_0,CH4DomainAvg,0.07346486644944224,,0.0,4133878,BoTorch,COMPLETED,0.24774234081525784,61,0.08774657869210797,0.019476293542731626,0.04045293841631631,0.13996945917772957,0,0.11414555961022345,0.8,0.012706192715679234,94,0.017161564673533632,45,0.11398372282692024,0.5,0.01777386421077377,217,0.015235950986945855,157,/tmp/data/trials/AVCs_trial_6219b516
21,21_0,ContinuityErrors,0.004677080278,,27.0,4133878,BoTorch,COMPLETED,0.24774234081525784,61,0.08774657869210797,0.019476293542731626,0.04045293841631631,0.13996945917772957,0,0.11414555961022345,0.8,0.012706192715679234,94,0.017161564673533632,45,0.11398372282692024,0.5,0.01777386421077377,217,0.015235950986945855,157,/tmp/data/trials/AVCs_trial_6219b516
21,21_0,PatternFactor,10.493519458138957,,0.0,4133878,BoTorch,COMPLETED,0.24774234081525784,61,0.08774657869210797,0.019476293542731626,0.04045293841631631,0.13996945917772957,0,0.11414555961022345,0.8,0.012706192715679234,94,0.017161564673533632,45,0.11398372282692024,0.5,0.01777386421077377,217,0.015235950986945855,157,/tmp/data/trials/AVCs_trial_6219b516
21,21_0,TemperatureRise,0.0870055515755764,,0.0,4133878,BoTorch,COMPLETED,0.24774234081525784,61,0.08774657869210797,0.019476293542731626,0.04045293841631631,0.13996945917772957,0,0.11414555961022345,0.8,0.012706192715679234,94,0.017161564673533632,45,0.11398372282692024,0.5,0.01777386421077377,217,0.015235950986945855,157,/tmp/data/trials/AVCs_trial_6219b516
22,22_0,ContinuityErrors,0.004611606531,,25.0,4139097,BoTorch,FAILED,0.23796623618399312,51,0.08954150783781575,0.019898889715769873,0.04482661854625349,0.13217596660684644,67,0.11480631893885421,0.8,0.01,92,0.01802256002661495,47,0.11413526347276434,0.8,0.018159307884828207,216,0.015391970943673826,151,/tmp/data/trials/AVCs_trial_d0179d28
23,23_0,ContinuityErrors,0.004970486783,,5.0,4140844,BoTorch,EARLY_STOPPED,0.20650519703758208,82,0.08489679481289059,0.02214597514726923,0.045,0.12728731394747697,30,0.10461718996646024,0.8,0.01275709793910041,112,0.017827132811822445,52,0.10834621015639463,0.5,0.017407461993603764,198,0.015037545478666816,167,/tmp/data/trials/AVCs_trial_2694a7a4
24,24_0,ContinuityErrors,0.004903088312,,6.0,4142218,BoTorch,EARLY_STOPPED,0.24157905580470132,75,0.08897012461825149,0.01961388150652482,0.04370249216439614,0.15187716773363288,9,0.11394799670387623,0.8,0.010711263196249656,108,0.017615420650687733,46,0.11460731391725745,0.8,0.01782073466842737,195,0.01540171678031806,152,/tmp/data/trials/AVCs_trial_05dfda1e
25,25_0,ContinuityErrors,0.005008898226,,5.0,4144753,BoTorch,EARLY_STOPPED,0.2516950362390403,60,0.08891030452790531,0.019887867335148923,0.044792508587990124,0.1434855548236399,70,0.1142552424081044,0.8,0.010407609465175143,120,0.017985343660179967,59,0.11391389034090127,0.8,0.0177720287097027,215,0.01544362309950507,155,/tmp/data/trials/AVCs_trial_ccc9b7a7
26,26_0,ContinuityErrors,0.004839391972,,23.0,4148320,BoTorch,FAILED,0.24167185760504592,60,0.08924935854221475,0.020397482445122832,0.045,0.12841697120365816,7,0.1131692416940647,0.8,0.01,91,0.018338106921773865,31,0.1138728682279358,0.8,0.018068573183423593,216,0.015263215546157451,166,/tmp/data/trials/AVCs_trial_34456559
27,27_0,ContinuityErrors,0.005121106389,,25.0,4152331,BoTorch,EARLY_STOPPED,0.23296585310996243,68,0.08892467029886253,0.01891980730674681,0.041558675956405826,0.16260126229854022,44,0.11400326998527772,0.8,0.011450254790284449,96,0.016933392583103595,42,0.11513440633108767,0.5,0.017417467641327723,199,0.015600157657430986,150,/tmp/data/trials/AVCs_trial_9436ce11
28,28_0,ContinuityErrors,0.004923661613,,10.0,4157811,BoTorch,EARLY_STOPPED,0.23803059061461676,58,0.08831773837126199,0.02103236563760112,0.045,0.1296893253404282,56,0.11345156382269553,0.8,0.010138792806921919,105,0.01864116017099097,49,0.11462975369925826,0.5,0.018131756806516398,210,0.015168853823970107,167,/tmp/data/trials/AVCs_trial_d3504750
29,29_0,ContinuityErrors,0.004901175185,,5.0,4163126,BoTorch,EARLY_STOPPED,0.25176720973224587,58,0.08857069064352216,0.020340328293713468,0.045,0.13314046085554443,-41,0.1142191628263367,0.8,0.010104025277301107,115,0.018367156711459994,50,0.11391750054970898,0.5,0.018127353251429206,204,0.015207974686993257,157,/tmp/data/trials/AVCs_trial_99d2cfcd
30,30_0,CH4DomainAvg,0.0688313959824474,,0.0,4164783,BoTorch,COMPLETED,0.2468950427059571,65,0.08889626764944664,0.019534695341289782,0.04371332640098253,0.13964813279102678,-11,0.11382612632458014,0.8,0.010565634071901328,114,0.017679728772484686,52,0.11239980608326257,0.5,0.017819712794543533,199,0.015284281177315371,156,/tmp/data/trials/AVCs_trial_3bec6a47
30,30_0,ContinuityErrors,0.004674294565,,32.0,4164783,BoTorch,COMPLETED,0.2468950427059571,65,0.08889626764944664,0.019534695341289782,0.04371332640098253,0.13964813279102678,-11,0.11382612632458014,0.8,0.010565634071901328,114,0.017679728772484686,52,0.11239980608326257,0.5,0.017819712794543533,199,0.015284281177315371,156,/tmp/data/trials/AVCs_trial_3bec6a47
30,30_0,PatternFactor,9.222005409712093,,0.0,4164783,BoTorch,COMPLETED,0.2468950427059571,65,0.08889626764944664,0.019534695341289782,0.04371332640098253,0.13964813279102678,-11,0.11382612632458014,0.8,0.010565634071901328,114,0.017679728772484686,52,0.11239980608326257,0.5,0.017819712794543533,199,0.015284281177315371,156,/tmp/data/trials/AVCs_trial_3bec6a47
30,30_0,TemperatureRise,0.0978281618839571,,0.0,4164783,BoTorch,COMPLETED,0.2468950427059571,65,0.08889626764944664,0.019534695341289782,0.04371332640098253,0.13964813279102678,-11,0.11382612632458014,0.8,0.010565634071901328,114,0.017679728772484686,52,0.11239980608326257,0.5,0.017819712794543533,199,0.015284281177315371,156,/tmp/data/trials/AVCs_trial_3bec6a47
31,31_0,CH4DomainAvg,0.07998968932543997,,0.0,4166759,BoTorch,COMPLETED,0.2759181350971936,69,0.09001817324777281,0.020281622908470295,0.045,0.12,-26,0.113567421506545,0.8,0.01,101,0.019392404863611042,42,0.11659968515959925,0.0,0.019114353668060906,191,0.015397007878829812,160,/tmp/data/trials/AVCs_trial_b2ce9a53
31,31_0,ContinuityErrors,0.004384220742,,35.0,4166759,BoTorch,COMPLETED,0.2759181350971936,69,0.09001817324777281,0.020281622908470295,0.045,0.12,-26,0.113567421506545,0.8,0.01,101,0.019392404863611042,42,0.11659968515959925,0.0,0.019114353668060906,191,0.015397007878829812,160,/tmp/data/trials/AVCs_trial_b2ce9a53
31,31_0,PatternFactor,10.641873114266142,,0.0,4166759,BoTorch,COMPLETED,0.2759181350971936,69,0.09001817324777281,0.020281622908470295,0.045,0.12,-26,0.113567421506545,0.8,0.01,101,0.019392404863611042,42,0.11659968515959925,0.0,0.019114353668060906,191,0.015397007878829812,160,/tmp/data/trials/AVCs_trial_b2ce9a53
31,31_0,TemperatureRise,0.0858968303626831,,0.0,4166759,BoTorch,COMPLETED,0.2759181350971936,69,0.09001817324777281,0.020281622908470295,0.045,0.12,-26,0.113567421506545,0.8,0.01,101,0.019392404863611042,42,0.11659968515959925,0.0,0.019114353668060906,191,0.015397007878829812,160,/tmp/data/trials/AVCs_trial_b2ce9a53
32,32_0,CH4DomainAvg,0.07357780826577036,,0.0,4168802,BoTorch,COMPLETED,0.22502581628758098,92,0.08852019206467678,0.01953186942733818,0.044978684376407306,0.16442821443065134,26,0.1120707063388905,0.8,0.011257896994610037,105,0.017483802635125882,33,0.1148548820181632,0.5,0.01764091894159104,207,0.015344083502247287,151,/tmp/data/trials/AVCs_trial_db571aa6
32,32_0,ContinuityErrors,0.00459338037,,35.0,4168802,BoTorch,COMPLETED,0.22502581628758098,92,0.08852019206467678,0.01953186942733818,0.044978684376407306,0.16442821443065134,26,0.1120707063388905,0.8,0.011257896994610037,105,0.017483802635125882,33,0.1148548820181632,0.5,0.01764091894159104,207,0.015344083502247287,151,/tmp/data/trials/AVCs_trial_db571aa6
32,32_0,PatternFactor,9.29301646074003,,0.0,4168802,BoTorch,COMPLETED,0.22502581628758098,92,0.08852019206467678,0.01953186942733818,0.044978684376407306,0.16442821443065134,26,0.1120707063388905,0.8,0.011257896994610037,105,0.017483802635125882,33,0.1148548820181632,0.5,0.01764091894159104,207,0.015344083502247287,151,/tmp/data/trials/AVCs_trial_db571aa6
32,32_0,TemperatureRise,0.09715324985772962,,0.0,4168802,BoTorch,COMPLETED,0.22502581628758098,92,0.08852019206467678,0.01953186942733818,0.044978684376407306,0.16442821443065134,26,0.1120707063388905,0.8,0.011257896994610037,105,0.017483802635125882,33,0.1148548820181632,0.5,0.01764091894159104,207,0.015344083502247287,151,/tmp/data/trials/AVCs_trial_db571aa6
33,33_0,CH4DomainAvg,0.06963983540983812,,0.0,4172120,BoTorch,COMPLETED,0.23300208687853274,75,0.08868651756173604,0.020773230330263473,0.045,0.12483631568028516,-15,0.11140032834493897,0.8,0.010083109177081643,89,0.018499830261012404,37,0.11318284316509489,0.5,0.018126525494311384,203,0.01518614519713584,163,/tmp/data/trials/AVCs_trial_1b28a6e7
33,33_0,ContinuityErrors,0.004904398399,,26.0,4172120,BoTorch,COMPLETED,0.23300208687853274,75,0.08868651756173604,0.020773230330263473,0.045,0.12483631568028516,-15,0.11140032834493897,0.8,0.010083109177081643,89,0.018499830261012404,37,0.11318284316509489,0.5,0.018126525494311384,203,0.01518614519713584,163,/tmp/data/trials/AVCs_trial_1b28a6e7
33,33_0,PatternFactor,8.672158818784649,,0.0,4172120,BoTorch,COMPLETED,0.23300208687853274,75,0.08868651756173604,0.020773230330263473,0.045,0.12483631568028516,-15,0.11140032834493897,0.8,0.010083109177081643,89,0.018499830261012404,37,0.11318284316509489,0.5,0.018126525494311384,203,0.01518614519713584,163,/tmp/data/trials/AVCs_trial_1b28a6e7
33,33_0,TemperatureRise,0.10338953471875005,,0.0,4172120,BoTorch,COMPLETED,0.23300208687853274,75,0.08868651756173604,0.020773230330263473,0.045,0.12483631568028516,-15,0.11140032834493897,0.8,0.010083109177081643,89,0.018499830261012404,37,0.11318284316509489,0.5,0.018126525494311384,203,0.01518614519713584,163,/tmp/data/trials/AVCs_trial_1b28a6e7
34,34_0,CH4DomainAvg,0.08633588520745954,,0.0,4173691,BoTorch,COMPLETED,0.2386947364249728,63,0.08803868118325066,0.019926714730823122,0.045,0.13657086453393977,75,0.11319082485147267,0.8,0.01,102,0.017306913541429582,51,0.11347864885145152,0.5,0.018004655334868842,216,0.015275191731115042,153,/tmp/data/trials/AVCs_trial_cd756a83
34,34_0,ContinuityErrors,0.004855537439,,27.0,4173691,BoTorch,COMPLETED,0.2386947364249728,63,0.08803868118325066,0.019926714730823122,0.045,0.13657086453393977,75,0.11319082485147267,0.8,0.01,102,0.017306913541429582,51,0.11347864885145152,0.5,0.018004655334868842,216,0.015275191731115042,153,/tmp/data/trials/AVCs_trial_cd756a83
34,34_0,PatternFactor,10.317014224379571,,0.0,4173691,BoTorch,COMPLETED,0.2386947364249728,63,0.08803868118325066,0.019926714730823122,0.045,0.13657086453393977,75,0.11319082485147267,0.8,0.01,102,0.017306913541429582,51,0.11347864885145152,0.5,0.018004655334868842,216,0.015275191731115042,153,/tmp/data/trials/AVCs_trial_cd756a83
34,34_0,TemperatureRise,0.08836252921249842,,0.0,4173691,BoTorch,COMPLETED,0.2386947364249728,63,0.08803868118325066,0.019926714730823122,0.045,0.13657086453393977,75,0.11319082485147267,0.8,0.01,102,0.017306913541429582,51,0.11347864885145152,0.5,0.018004655334868842,216,0.015275191731115042,153,/tmp/data/trials/AVCs_trial_cd756a83
35,35_0,CH4DomainAvg,0.08507937949900529,,0.0,4175193,BoTorch,COMPLETED,0.23618098888002426,63,0.08827538603656479,0.019182845459480218,0.043121649506700034,0.14948684827320607,6,0.11393783658808153,0.8,0.010951044542512577,112,0.017138133746721382,43,0.11264906133635509,0.5,0.01777092811871145,206,0.015467537158126097,166,/tmp/data/trials/AVCs_trial_6d4f7daa
35,35_0,ContinuityErrors,0.00439947883,,26.0,4175193,BoTorch,COMPLETED,0.23618098888002426,63,0.08827538603656479,0.019182845459480218,0.043121649506700034,0.14948684827320607,6,0.11393783658808153,0.8,0.010951044542512577,112,0.017138133746721382,43,0.11264906133635509,0.5,0.01777092811871145,206,0.015467537158126097,166,/tmp/data/trials/AVCs_trial_6d4f7daa
35,35_0,PatternFactor,9.750667327072435,,0.0,4175193,BoTorch,COMPLETED,0.23618098888002426,63,0.08827538603656479,0.019182845459480218,0.043121649506700034,0.14948684827320607,6,0.11393783658808153,0.8,0.010951044542512577,112,0.017138133746721382,43,0.11264906133635509,0.5,0.01777092811871145,206,0.015467537158126097,166,/tmp/data/trials/AVCs_trial_6d4f7daa
35,35_0,TemperatureRise,0.09301748157361267,,0.0,4175193,BoTorch,COMPLETED,0.23618098888002426,63,0.08827538603656479,0.019182845459480218,0.043121649506700034,0.14948684827320607,6,0.11393783658808153,0.8,0.010951044542512577,112,0.017138133746721382,43,0.11264906133635509,0.5,0.01777092811871145,206,0.015467537158126097,166,/tmp/data/trials/AVCs_trial_6d4f7daa
36,36_0,CH4DomainAvg,0.06847674123184001,,0.0,4177841,BoTorch,COMPLETED,0.2365408701111908,68,0.08815974493478346,0.019730227271469922,0.044620192194653525,0.14113478387738285,79,0.11355091199856339,0.8,0.01,94,0.017491880686645377,32,0.11324053795570256,0.5,0.018056080446419324,209,0.015456635847348785,150,/tmp/data/trials/AVCs_trial_04060106
36,36_0,ContinuityErrors,0.00424149887,,29.0,4177841,BoTorch,COMPLETED,0.2365408701111908,68,0.08815974493478346,0.019730227271469922,0.044620192194653525,0.14113478387738285,79,0.11355091199856339,0.8,0.01,94,0.017491880686645377,32,0.11324053795570256,0.5,0.018056080446419324,209,0.015456635847348785,150,/tmp/data/trials/AVCs_trial_04060106
36,36_0,PatternFactor,9.790213288151577,,0.0,4177841,BoTorch,COMPLETED,0.2365408701111908,68,0.08815974493478346,0.019730227271469922,0.044620192194653525,0.14113478387738285,79,0.11355091199856339,0.8,0.01,94,0.017491880686645377,32,0.11324053795570256,0.5,0.018056080446419324,209,0.015456635847348785,150,/tmp/data/trials/AVCs_trial_04060106
36,36_0,TemperatureRise,0.09267657397449883,,0.0,4177841,BoTorch,COMPLETED,0.2365408701111908,68,0.08815974493478346,0.019730227271469922,0.044620192194653525,0.14113478387738285,79,0.11355091199856339,0.8,0.01,94,0.017491880686645377,32,0.11324053795570256,0.5,0.018056080446419324,209,0.015456635847348785,150,/tmp/data/trials/AVCs_trial_04060106
37,37_0,ContinuityErrors,0.004844419066,,7.0,4179518,BoTorch,EARLY_STOPPED,0.2107831863185801,65,0.08934049963650931,0.020234561075178598,0.045,0.13336251786289538,15,0.11311445982646806,0.8,0.011656104158004693,114,0.01850283755890161,47,0.11489712006490206,0.5,0.01800373182874086,205,0.015401708837598048,164,/tmp/data/trials/AVCs_trial_addf1b8c
38,38_0,ContinuityErrors,0.004950244799,,5.0,4180954,BoTorch,EARLY_STOPPED,0.22689980358042044,75,0.08856583183386496,0.020737987510099833,0.045,0.12731561221486926,-50,0.11234263218045618,0.8,0.013059335294195562,112,0.01838242671938218,35,0.11326056566739925,0.5,0.017916385496075934,212,0.015214679724328,159,/tmp/data/trials/AVCs_trial_2c1385d7
39,39_0,CH4DomainAvg,0.07440820032519968,,0.0,4182837,BoTorch,COMPLETED,0.23135847321483513,56,0.08864253361377424,0.020588526643812267,0.045,0.12483701482604423,-72,0.11204999054988067,0.8,0.012833130017759885,86,0.01830440492553603,34,0.11271320900352116,0.5,0.01784039661239889,212,0.015190170325718773,155,/tmp/data/trials/AVCs_trial_1e36afc1
39,39_0,ContinuityErrors,0.00456060871,,29.0,4182837,BoTorch,COMPLETED,0.23135847321483513,56,0.08864253361377424,0.020588526643812267,0.045,0.12483701482604423,-72,0.11204999054988067,0.8,0.012833130017759885,86,0.01830440492553603,34,0.11271320900352116,0.5,0.01784039661239889,212,0.015190170325718773,155,/tmp/data/trials/AVCs_trial_1e36afc1
39,39_0,PatternFactor,8.282366215711601,,0.0,4182837,BoTorch,COMPLETED,0.23135847321483513,56,0.08864253361377424,0.020588526643812267,0.045,0.12483701482604423,-72,0.11204999054988067,0.8,0.012833130017759885,86,0.01830440492553603,34,0.11271320900352116,0.5,0.01784039661239889,212,0.015190170325718773,155,/tmp/data/trials/AVCs_trial_1e36afc1
39,39_0,TemperatureRise,0.10773115138544859,,0.0,4182837,BoTorch,COMPLETED,0.23135847321483513,56,0.08864253361377424,0.020588526643812267,0.045,0.12483701482604423,-72,0.11204999054988067,0.8,0.012833130017759885,86,0.01830440492553603,34,0.11271320900352116,0.5,0.01784039661239889,212,0.015190170325718773,155,/tmp/data/trials/AVCs_trial_1e36afc1
40,40_0,CH4DomainAvg,0.07768091170004338,,0.0,4184709,BoTorch,COMPLETED,0.18578106014941653,78,0.08831221403597939,0.020896617759509923,0.045,0.12557011047741332,-42,0.10837283794018313,0.8,0.012732977538343458,101,0.017993001370474687,35,0.11242384573573821,0.5,0.017134327728039134,199,0.014914476364386465,166,/tmp/data/trials/AVCs_trial_ebd2c3cc
40,40_0,ContinuityErrors,0.004597084836,,31.0,4184709,BoTorch,COMPLETED,0.18578106014941653,78,0.08831221403597939,0.020896617759509923,0.045,0.12557011047741332,-42,0.10837283794018313,0.8,0.012732977538343458,101,0.017993001370474687,35,0.11242384573573821,0.5,0.017134327728039134,199,0.014914476364386465,166,/tmp/data/trials/AVCs_trial_ebd2c3cc
40,40_0,PatternFactor,10.850897209592235,,0.0,4184709,BoTorch,COMPLETED,0.18578106014941653,78,0.08831221403597939,0.020896617759509923,0.045,0.12557011047741332,-42,0.10837283794018313,0.8,0.012732977538343458,101,0.017993001370474687,35,0.11242384573573821,0.5,0.017134327728039134,199,0.014914476364386465,166,/tmp/data/trials/AVCs_trial_ebd2c3cc
40,40_0,TemperatureRise,0.08438179677995941,,0.0,4184709,BoTorch,COMPLETED,0.18578106014941653,78,0.08831221403597939,0.020896617759509923,0.045,0.12557011047741332,-42,0.10837283794018313,0.8,0.012732977538343458,101,0.017993001370474687,35,0.11242384573573821,0.5,0.017134327728039134,199,0.014914476364386465,166,/tmp/data/trials/AVCs_trial_ebd2c3cc
41,41_0,CH4DomainAvg,0.07780827609499631,,0.0,4187764,BoTorch,COMPLETED,0.20418494606149065,89,0.08847808860264467,0.02074568049944916,0.045,0.12390445940085412,-56,0.11212809110284258,0.8,0.013357532023774264,117,0.018609711585299477,39,0.11316591260764292,0.5,0.017752395248489213,200,0.015239014351016144,167,/tmp/data/trials/AVCs_trial_78109793
41,41_0,ContinuityErrors,0.004765587621,,25.0,4187764,BoTorch,COMPLETED,0.20418494606149065,89,0.08847808860264467,0.02074568049944916,0.045,0.12390445940085412,-56,0.11212809110284258,0.8,0.013357532023774264,117,0.018609711585299477,39,0.11316591260764292,0.5,0.017752395248489213,200,0.015239014351016144,167,/tmp/data/trials/AVCs_trial_78109793
41,41_0,PatternFactor,10.125768904549103,,0.0,4187764,BoTorch,COMPLETED,0.20418494606149065,89,0.08847808860264467,0.02074568049944916,0.045,0.12390445940085412,-56,0.11212809110284258,0.8,0.013357532023774264,117,0.018609711585299477,39,0.11316591260764292,0.5,0.017752395248489213,200,0.015239014351016144,167,/tmp/data/trials/AVCs_trial_78109793
41,41_0,TemperatureRise,0.08988142829311511,,0.0,4187764,BoTorch,COMPLETED,0.20418494606149065,89,0.08847808860264467,0.02074568049944916,0.045,0.12390445940085412,-56,0.11212809110284258,0.8,0.013357532023774264,117,0.018609711585299477,39,0.11316591260764292,0.5,0.017752395248489213,200,0.015239014351016144,167,/tmp/data/trials/AVCs_trial_78109793
42,42_0,ContinuityErrors,0.005211511663,,5.0,4190093,BoTorch,EARLY_STOPPED,0.18170855580095432,92,0.08742372396246581,0.021568399557815542,0.045,0.1239334456569047,7,0.10930851840922434,0.8,0.01106525504128983,106,0.018722570389600592,61,0.11190563168925292,0.5,0.017474964438750126,206,0.014952614263081115,174,/tmp/data/trials/AVCs_trial_c0f43705
43,43_0,ContinuityErrors,0.004787857543,,7.0,4191524,BoTorch,EARLY_STOPPED,0.24585851315424292,77,0.08911643259334541,0.020903096537424875,0.045,0.1298993394746767,-74,0.11299768423462084,0.8,0.010219958289867324,110,0.01898493909862245,32,0.1135757539228414,0.5,0.018274098897790997,207,0.015337286203298243,156,/tmp/data/trials/AVCs_trial_a8ce5037
44,44_0,ContinuityErrors,0.004804017731,,7.0,4193489,BoTorch,EARLY_STOPPED,0.2301340626222614,74,0.08899095336679524,0.02097144367228904,0.045,0.12839551588559692,-67,0.11368487917425601,0.8,0.011040548584322645,101,0.019003768037893505,41,0.11340860196700553,0.5,0.018087721735527622,203,0.015219778208729133,151,/tmp/data/trials/AVCs_trial_a9ec7ac8
45,45_0,CH4DomainAvg,0.07067783363128244,,0.0,1524,BoTorch,COMPLETED,0.22927212336640784,49,0.08942198368869392,0.020381192816209523,0.045,0.12592790649433186,-33,0.11307651291030733,0.8,0.01053168770356432,99,0.01857648667078003,40,0.11243194406358882,0.5,0.017995399751330913,212,0.015265417070324364,157,/tmp/data/trials/AVCs_trial_2f3e1d17
45,45_0,ContinuityErrors,0.004708722836,,28.0,1524,BoTorch,COMPLETED,0.22927212336640784,49,0.08942198368869392,0.020381192816209523,0.045,0.12592790649433186,-33,0.11307651291030733,0.8,0.01053168770356432,99,0.01857648667078003,40,0.11243194406358882,0.5,0.017995399751330913,212,0.015265417070324364,157,/tmp/data/trials/AVCs_trial_2f3e1d17
45,45_0,PatternFactor,10.373514249772148,,0.0,1524,BoTorch,COMPLETED,0.22927212336640784,49,0.08942198368869392,0.020381192816209523,0.045,0.12592790649433186,-33,0.11307651291030733,0.8,0.01053168770356432,99,0.01857648667078003,40,0.11243194406358882,0.5,0.017995399751330913,212,0.015265417070324364,157,/tmp/data/trials/AVCs_trial_2f3e1d17
45,45_0,TemperatureRise,0.08792357208503374,,0.0,1524,BoTorch,COMPLETED,0.22927212336640784,49,0.08942198368869392,0.020381192816209523,0.045,0.12592790649433186,-33,0.11307651291030733,0.8,0.01053168770356432,99,0.01857648667078003,40,0.11243194406358882,0.5,0.017995399751330913,212,0.015265417070324364,157,/tmp/data/trials/AVCs_trial_2f3e1d17
46,46_0,CH4DomainAvg,0.06581389354824685,,0.0,3495,BoTorch,COMPLETED,0.2756124024330394,65,0.08879734252690621,0.0202020626679036,0.045,0.12724535481704116,-77,0.11274678402534491,0.8,0.011921114333668277,106,0.018110849468797666,31,0.11219907506709077,0.5,0.017908417302057618,209,0.015275149949024769,156,/tmp/data/trials/AVCs_trial_ca7e4f0d
46,46_0,ContinuityErrors,0.004584497276,,29.0,3495,BoTorch,COMPLETED,0.2756124024330394,65,0.08879734252690621,0.0202020626679036,0.045,0.12724535481704116,-77,0.11274678402534491,0.8,0.011921114333668277,106,0.018110849468797666,31,0.11219907506709077,0.5,0.017908417302057618,209,0.015275149949024769,156,/tmp/data/trials/AVCs_trial_ca7e4f0d
46,46_0,PatternFactor,10.096612677068213,,0.0,3495,BoTorch,COMPLETED,0.2756124024330394,65,0.08879734252690621,0.0202020626679036,0.045,0.12724535481704116,-77,0.11274678402534491,0.8,0.011921114333668277,106,0.018110849468797666,31,0.11219907506709077,0.5,0.017908417302057618,209,0.015275149949024769,156,/tmp/data/trials/AVCs_trial_ca7e4f0d
46,46_0,TemperatureRise,0.09011759075511011,,0.0,3495,BoTorch,COMPLETED,0.2756124024330394,65,0.08879734252690621,0.0202020626679036,0.045,0.12724535481704116,-77,0.11274678402534491,0.8,0.011921114333668277,106,0.018110849468797666,31,0.11219907506709077,0.5,0.017908417302057618,209,0.015275149949024769,156,/tmp/data/trials/AVCs_trial_ca7e4f0d
47,47_0,ContinuityErrors,0.004937359163,,23.0,6527,BoTorch,EARLY_STOPPED,0.2292443884056429,62,0.0886512711475033,0.020147367725462308,0.045,0.12912369346554178,-49,0.11366845372849572,0.8,0.010402825138149517,91,0.018363202496307893,41,0.11344688695592371,0.5,0.01804169494917357,204,0.01537699445701109,159,/tmp/data/trials/AVCs_trial_9df85ef7
48,48_0,CH4DomainAvg,0.07439826529167345,,0.0,9553,BoTorch,COMPLETED,0.23235763847183513,69,0.0878525719346278,0.020162824647976398,0.045,0.13520466626678265,-9,0.11210762666276984,0.8,0.010108439610268017,96,0.017650592816111914,34,0.11132163892633558,0.5,0.017697835116239322,204,0.015119342813702216,165,/tmp/data/trials/AVCs_trial_27907790
48,48_0,ContinuityErrors,0.004543402669,,24.0,9553,BoTorch,COMPLETED,0.23235763847183513,69,0.0878525719346278,0.020162824647976398,0.045,0.13520466626678265,-9,0.11210762666276984,0.8,0.010108439610268017,96,0.017650592816111914,34,0.11132163892633558,0.5,0.017697835116239322,204,0.015119342813702216,165,/tmp/data/trials/AVCs_trial_27907790
48,48_0,PatternFactor,11.227404855963686,,0.0,9553,BoTorch,COMPLETED,0.23235763847183513,69,0.0878525719346278,0.020162824647976398,0.045,0.13520466626678265,-9,0.11210762666276984,0.8,0.010108439610268017,96,0.017650592816111914,34,0.11132163892633558,0.5,0.017697835116239322,204,0.015119342813702216,165,/tmp/data/trials/AVCs_trial_27907790
48,48_0,TemperatureRise,0.08178350285933886,,0.0,9553,BoTorch,COMPLETED,0.23235763847183513,69,0.0878525719346278,0.020162824647976398,0.045,0.13520466626678265,-9,0.11210762666276984,0.8,0.010108439610268017,96,0.017650592816111914,34,0.11132163892633558,0.5,0.017697835116239322,204,0.015119342813702216,165,/tmp/data/trials/AVCs_trial_27907790
49,49_0,CH4DomainAvg,0.08939722826591091,,0.0,10919,BoTorch,COMPLETED,0.2283592207845472,55,0.08806159669617085,0.020917376806746563,0.045,0.1285324375504301,-64,0.11175926849317613,0.8,0.012931576923926958,92,0.018461204449061287,48,0.11087903719617224,0.5,0.01776893756491575,204,0.015023391187270528,154,/tmp/data/trials/AVCs_trial_621ebfc6
49,49_0,ContinuityErrors,0.004675084537,,25.0,10919,BoTorch,COMPLETED,0.2283592207845472,55,0.08806159669617085,0.020917376806746563,0.045,0.1285324375504301,-64,0.11175926849317613,0.8,0.012931576923926958,92,0.018461204449061287,48,0.11087903719617224,0.5,0.01776893756491575,204,0.015023391187270528,154,/tmp/data/trials/AVCs_trial_621ebfc6
49,49_0,PatternFactor,8.354193563636086,,0.0,10919,BoTorch,COMPLETED,0.2283592207845472,55,0.08806159669617085,0.020917376806746563,0.045,0.1285324375504301,-64,0.11175926849317613,0.8,0.012931576923926958,92,0.018461204449061287,48,0.11087903719617224,0.5,0.01776893756491575,204,0.015023391187270528,154,/tmp/data/trials/AVCs_trial_621ebfc6
49,49_0,TemperatureRise,0.10690392423430763,,0.0,10919,BoTorch,COMPLETED,0.2283592207845472,55,0.08806159669617085,0.020917376806746563,0.045,0.1285324375504301,-64,0.11175926849317613,0.8,0.012931576923926958,92,0.018461204449061287,48,0.11087903719617224,0.5,0.01776893756491575,204,0.015023391187270528,154,/tmp/data/trials/AVCs_trial_621ebfc6
50,50_0,CH4DomainAvg,0.07346936489705393,,0.0,12605,BoTorch,COMPLETED,0.23060831661302628,103,0.08855319246700544,0.020187965815623096,0.04478400530580777,0.1307103227839992,32,0.11349225194701063,0.8,0.010109323472193957,90,0.01798402840271203,36,0.11349172902159041,0.5,0.017956789177998984,206,0.0153389051735573,161,/tmp/data/trials/AVCs_trial_ecb4cae8
50,50_0,ContinuityErrors,0.004750865787,,26.0,12605,BoTorch,COMPLETED,0.23060831661302628,103,0.08855319246700544,0.020187965815623096,0.04478400530580777,0.1307103227839992,32,0.11349225194701063,0.8,0.010109323472193957,90,0.01798402840271203,36,0.11349172902159041,0.5,0.017956789177998984,206,0.0153389051735573,161,/tmp/data/trials/AVCs_trial_ecb4cae8
50,50_0,PatternFactor,10.511709865169632,,0.0,12605,BoTorch,COMPLETED,0.23060831661302628,103,0.08855319246700544,0.020187965815623096,0.04478400530580777,0.1307103227839992,32,0.11349225194701063,0.8,0.010109323472193957,90,0.01798402840271203,36,0.11349172902159041,0.5,0.017956789177998984,206,0.0153389051735573,161,/tmp/data/trials/AVCs_trial_ecb4cae8
50,50_0,TemperatureRise,0.08686806840273543,,0.0,12605,BoTorch,COMPLETED,0.23060831661302628,103,0.08855319246700544,0.020187965815623096,0.04478400530580777,0.1307103227839992,32,0.11349225194701063,0.8,0.010109323472193957,90,0.01798402840271203,36,0.11349172902159041,0.5,0.017956789177998984,206,0.0153389051735573,161,/tmp/data/trials/AVCs_trial_ecb4cae8
51,51_0,ContinuityErrors,0.004910677935,,18.0,15640,BoTorch,EARLY_STOPPED,0.23660167444630703,73,0.08913522939195063,0.021080852404427333,0.0432880399768486,0.13603175563893266,25,0.11178572336959815,0.8,0.013256650577623345,91,0.019471044436341997,50,0.11002152370024655,0.5,0.017752681058019786,194,0.015012662524027364,153,/tmp/data/trials/AVCs_trial_7039cde9
52,52_0,ContinuityErrors,0.004825134643,,6.0,16963,BoTorch,EARLY_STOPPED,0.23503672042149934,56,0.0888381709132471,0.020599676454056897,0.03785860433884564,0.13463184258893202,-68,0.11259285109326271,0.8,0.013099315694630619,90,0.01847624488883535,31,0.11139019105901657,0.5,0.01747142685861885,182,0.015256839826944648,154,/tmp/data/trials/AVCs_trial_a1300d12
53,53_0,ContinuityErrors,0.004769695042,,6.0,18461,BoTorch,EARLY_STOPPED,0.22996773539958634,62,0.08985298630494121,0.023224549727371254,0.03944298657439694,0.13020062067775912,-55,0.10835055464679189,0.8,0.012316164075243528,115,0.02,32,0.10649146427573421,0.8,0.01814872450525329,193,0.014567639409767368,152,/tmp/data/trials/AVCs_trial_6a73e73d
54,54_0,ContinuityErrors,0.004782210097,,6.0,20200,BoTorch,EARLY_STOPPED,0.22870924999024658,57,0.08694012873515983,0.022086917010749985,0.045,0.1294926765757026,-57,0.11218573149689623,0.8,0.012792351094072637,86,0.02,32,0.11181723844396964,0.5,0.018032051575091596,195,0.0149432779878261,155,/tmp/data/trials/AVCs_trial_61a1bfbc
55,55_0,ContinuityErrors,0.004316639675,,11.0,22572,BoTorch,FAILED,0.22723288784149934,89,0.09107680796999984,0.01982719283474745,0.03424677913732891,0.1534484703571467,-35,0.11480081349836412,0.8,0.010895343050896891,103,0.019361284762279118,47,0.11471644175804621,0.5,0.01769815412941899,197,0.01582450653636725,150,/tmp/data/trials/AVCs_trial_4f3e3e92
56,56_0,ContinuityErrors,0.004937164724,,5.0,25231,BoTorch,EARLY_STOPPED,0.22961590110167457,67,0.0853454330850401,0.022313368800688207,0.042498701823446935,0.15363745969536652,-69,0.11391546071128392,0.8,0.017623465422245795,111,0.019859457214737485,39,0.1176775250303355,0.5,0.017818985326590632,175,0.015808407216999377,150,/tmp/data/trials/AVCs_trial_879600ae
57,57_0,ContinuityErrors,0.005046713951,,5.0,28737,BoTorch,EARLY_STOPPED,0.2117898395493978,78,0.08640709572826896,0.022073709802332996,0.039709632705574836,0.13493497568730511,64,0.12,0.8,0.01655526888532823,102,0.02,34,0.11514609149842109,0.5,0.018754722547916935,212,0.014612278503908858,153,/tmp/data/trials/AVCs_trial_aee26cf3
58,58_0,ContinuityErrors,0.00488692566,,5.0,31257,BoTorch,EARLY_STOPPED,0.22935384205963227,89,0.08943738287611121,0.020971951204744856,0.03908860542998604,0.12322653376606012,-56,0.11341657067347416,0.8,0.01395580866579177,119,0.019340006098240433,41,0.11101575750291681,0.5,0.017251639944675323,208,0.014810757069014347,155,/tmp/data/trials/AVCs_trial_d69e5431
59,59_0,ContinuityErrors,0.005007669692,,5.0,33477,BoTorch,EARLY_STOPPED,0.22549789269647574,80,0.08659465536606602,0.022629596845270245,0.04412337066278988,0.18633848502357447,18,0.11236618592094101,0.8,0.016177437414871678,103,0.02,39,0.1120850125279191,0.5,0.018829637050111384,188,0.015300556725451971,153,/tmp/data/trials/AVCs_trial_3bb5164d
60,60_0,ContinuityErrors,0.004944067471,,5.0,36110,BoTorch,EARLY_STOPPED,0.22221350745939222,72,0.09195784664853084,0.021968238774330684,0.04300486210517854,0.1734420773949354,13,0.11462252586841185,0.8,0.017389088351094477,96,0.02,49,0.11412681620321628,0.5,0.018693621217242096,215,0.01596483518395157,156,/tmp/data/trials/AVCs_trial_db8915d7
61,61_0,ContinuityErrors,0.00512079556,,5.0,38835,BoTorch,EARLY_STOPPED,0.22692648072961985,76,0.09042270227221125,0.02055355291855449,0.03993553414788461,0.12337629432800169,-8,0.11649183015633784,0.8,0.012765214383749926,87,0.01955616695218613,35,0.11203158378962232,0.5,0.0179105366242069,220,0.015689999825371437,151,/tmp/data/trials/AVCs_trial_d165b240
62,62_0,ContinuityErrors,0.00480143752,,6.0,41080,BoTorch,EARLY_STOPPED,0.22739509561452168,57,0.08709103322347263,0.021767571540999692,0.04184716051772429,0.2296972717019078,3,0.10516020800950823,0.8,0.012550193592103248,95,0.01938457552985021,32,0.12,0.5,0.016532105680367917,203,0.013587233507430385,151,/tmp/data/trials/AVCs_trial_3e96992e
63,63_0,ContinuityErrors,0.004291157627,,10.0,43558,BoTorch,FAILED,0.2290269918389558,78,0.09302812575189733,0.02022871404533531,0.03843637589573916,0.12,-27,0.11237240996071776,0.8,0.01282342526597617,96,0.018997961757243942,37,0.11037199547099315,0.5,0.017140488232619884,176,0.01614535971484598,150,/tmp/data/trials/AVCs_trial_7dda7159
64,64_0,ContinuityErrors,0.004932909729,,5.0,46351,BoTorch,EARLY_STOPPED,0.23046860245039574,71,0.09446089197346778,0.017992854758902728,0.045,0.18611284566007238,-69,0.11299760475546478,0.8,0.012828500732310478,120,0.01930487566251477,91,0.12,0.5,0.018356572942065278,216,0.015188953219306592,158,/tmp/data/trials/AVCs_trial_0795887c
65,65_0,ContinuityErrors,0.004731308626,,10.0,48842,BoTorch,FAILED,0.23137651737061443,92,0.08509817116946453,0.02232940785646116,0.041188520332174204,0.14756470147078943,-71,0.11331255700796809,0.8,0.0107342979360008,92,0.019306960403993507,33,0.10235915749706713,0.5,0.018267233420078435,203,0.014788565626944245,156,/tmp/data/trials/AVCs_trial_93016006
66,66_0,ContinuityErrors,0.005213435449,,5.0,51947,BoTorch,EARLY_STOPPED,0.23315113224897369,78,0.095,0.022620675991259227,0.03527185749600978,0.12,-74,0.10582208343465431,0.8,0.012169619856831508,115,0.02,66,0.11882179189215943,0.8,0.017990773753583652,220,0.014862949256673511,152,/tmp/data/trials/AVCs_trial_df62486b
67,67_0,ContinuityErrors,0.004571282724,,14.0,54416,BoTorch,FAILED,0.22935831783943614,71,0.09295759095495106,0.019449092470129915,0.042014044626354,0.16839265849085613,-17,0.10939463218880113,0.8,0.01569046520671075,96,0.019069147845318758,31,0.1158624892806483,0.5,0.01659160969986439,195,0.01530964318767227,151,/tmp/data/trials/AVCs_trial_87db7352
68,68_0,ContinuityErrors,0.004469482532,,10.0,57310,BoTorch,FAILED,0.23181722954062406,73,0.0908439108630417,0.02585958545681776,0.033942039413557945,0.12,-73,0.11373231818124153,0.8,0.011607014180062384,105,0.02,36,0.10397603624010536,0.5,0.017447627449846067,187,0.015791517225595093,162,/tmp/data/trials/AVCs_trial_6340d487
69,69_0,ContinuityErrors,0.004737162091,,8.0,59870,BoTorch,EARLY_STOPPED,0.22533457938668036,77,0.08811181500739898,0.02327450074912415,0.037017553881863986,0.12,-24,0.11357472446491301,0.8,0.011148146138820198,86,0.02,36,0.11923050331729157,0.5,0.019241715979997766,216,0.015380185204766498,159,/tmp/data/trials/AVCs_trial_c88fbfe5
70,70_0,ContinuityErrors,0.004887035794,,4.0,63322,BoTorch,FAILED,0.2286240189722612,91,0.09081298414931088,0.02198193117151349,0.039406864559020996,0.13679957251924071,-65,0.11105199121510051,0.8,0.010611493097486166,101,0.01975912791192507,34,0.11256188654582941,0.5,0.017872028688913997,214,0.015092693396481326,155,/tmp/data/trials/AVCs_trial_42d5b681
71,71_0,ContinuityErrors,0.004810855829,,6.0,66216,BoTorch,EARLY_STOPPED,0.23231338048617214,72,0.09048710692784677,0.020066281519890178,0.045,0.16441676535450078,67,0.11525431479935218,0.8,0.013029190715076347,104,0.019473357377434063,41,0.1049557586102887,0.8,0.0171768993516221,183,0.015143628355226068,150,/tmp/data/trials/AVCs_trial_f2001428
72,72_0,ContinuityErrors,0.004748201283,,6.0,69062,BoTorch,FAILED,0.22949990153393338,71,0.08714367349358619,0.020596054996905342,0.03936869135506586,0.15844591247016132,-55,0.11557898059175634,0.8,0.014571652452604349,103,0.019464211602278632,39,0.10905219855814718,0.5,0.017422946930204908,209,0.015450749645980031,151,/tmp/data/trials/AVCs_trial_ffaa607a
73,73_0,ContinuityErrors,0.00462708761,,4.0,72133,BoTorch,FAILED,0.22512245024835065,71,0.09260902515709254,0.02258199824975583,0.045,0.13852655772316638,-47,0.10533938680180578,0.8,0.010341005442052676,106,0.01960473173490932,33,0.12,0.5,0.02,211,0.016040079512597803,154,/tmp/data/trials/AVCs_trial_0af60c0f
74,74_0,ContinuityErrors,0.004642001684,,7.0,75063,BoTorch,FAILED,0.23366765138147902,69,0.0853023201938951,0.017690847039108178,0.032220007197553704,0.1800317375472089,-27,0.12,0.8,0.018026904975768688,116,0.01859122574122557,45,0.10533307304982674,0.5,0.015705300651925602,207,0.015070940698719821,150,/tmp/data/trials/AVCs_trial_34d0d1b9
75,75_0,ContinuityErrors,0.005143055101,,5.0,77931,BoTorch,EARLY_STOPPED,0.23015850982629182,83,0.095,0.024315678292640912,0.045,0.12,-12,0.09477284203059534,0.8,0.019993051175340205,94,0.01928156446258167,66,0.1128003884816597,0.5,0.02,188,0.01740742396503676,153,/tmp/data/trials/AVCs_trial_d6c65007
76,76_0,ContinuityErrors,0.004725342353,,7.0,81372,BoTorch,FAILED,0.228657391337219,71,0.08933414247245348,0.024991209848611442,0.03796765665557619,0.16004777409676182,-49,0.10208123183958334,0.8,0.010051928891435507,119,0.02,43,0.12,0.5,0.0198185245441382,216,0.014967043622354298,162,/tmp/data/trials/AVCs_trial_2c269a2b
77,77_0,ContinuityErrors,0.004303762977,,7.0,84087,BoTorch,FAILED,0.22745193307065456,83,0.09108233557518129,0.021460268223632756,0.038308105047776236,0.14488953399683666,-65,0.1108600058722278,0.8,0.012804743295685315,87,0.019159583356858828,47,0.11388847121019331,0.5,0.0176499380934391,210,0.01549422352450541,155,/tmp/data/trials/AVCs_trial_38e1ddc6
78,78_0,ContinuityErrors,0.004973739107,,5.0,86618,BoTorch,EARLY_STOPPED,0.2301112188303687,78,0.08773476850760227,0.022414388931318405,0.045,0.12,-18,0.11350133800037979,0.8,0.015322092689693088,109,0.02,34,0.09888878320496511,0.5,0.016936636755635316,206,0.01516190029037689,154,/tmp/data/trials/AVCs_trial_70b58f29
80,80_0,ContinuityErrors,0.005235253923,,5.0,92247,BoTorch,EARLY_STOPPED,0.22087834501734546,56,0.07731472214417398,0.025829835173732767,0.045,0.19773918842795157,35,0.11947571777415823,0.8,0.01298406355233,109,0.02,33,0.11367636532639727,0.0,0.01784197091756406,210,0.01363504256311308,152,/tmp/data/trials/AVCs_trial_451fba75
79,79_0,ContinuityErrors,0.004648820919,,6.0,89671,BoTorch,FAILED,0.22771379520725332,79,0.0895247925001731,0.020221547185579312,0.03962353304871961,0.1639583164484811,-48,0.12,0.8,0.01,104,0.02,50,0.102628861492873,0.5,0.014568771529623466,212,0.014899733037372243,155,/tmp/data/trials/AVCs_trial_e3fe4e30
81,81_0,ContinuityErrors,0.004621743912,,12.0,94979,BoTorch,FAILED,0.22919575404780843,67,0.09306961764222893,0.022288039602747625,0.04227371337685379,0.12,-44,0.11365303300492006,0.8,0.01,93,0.02,37,0.11310161460408064,0.8,0.019112711907865235,218,0.015996708265717356,159,/tmp/data/trials/AVCs_trial_0f6533bd
82,82_0,ContinuityErrors,0.004723047778,,7.0,97689,BoTorch,FAILED,0.2293050196730308,64,0.08889714134827963,0.022589917573672996,0.04238776235480674,0.12,-29,0.1110819775248672,0.8,0.015678679706819344,108,0.01984554590179439,30,0.11221075409661847,0.5,0.01829924038236844,212,0.015094730988399257,152,/tmp/data/trials/AVCs_trial_8c2e1f1a
83,83_0,ContinuityErrors,0.005031745494,,5.0,100101,BoTorch,EARLY_STOPPED,0.2312148868447815,39,0.08722174668511751,0.024037347989817062,0.030593629021211665,0.12,-68,0.11101669473248506,0.8,0.014668728427558802,111,0.02,69,0.106047675669427,0.5,0.018307748188522602,217,0.014966101452221105,155,/tmp/data/trials/AVCs_trial_94a7efff
85,85_0,ContinuityErrors,0.004274170638,,23.0,106114,BoTorch,FAILED,0.2332321315273913,79,0.095,0.0170367748385526,0.038924562329669087,0.14319979498611604,-63,0.11502512626573048,0.8,0.01235670672973937,90,0.01949864962374583,55,0.11281956877668967,0.8,0.017970511234889148,202,0.0160796848993763,152,/tmp/data/trials/AVCs_trial_c9a7c099
86,86_0,ContinuityErrors,0.004748831277,,29.0,108378,BoTorch,EARLY_STOPPED,0.2274053422763444,64,0.08968333871701296,0.021522163685273047,0.03961832101597547,0.13295012483642918,-50,0.11297385480844485,0.8,0.013882364545776092,107,0.019712641059085868,38,0.11188927741002476,0.5,0.017432255963361745,200,0.015165311629855736,153,/tmp/data/trials/AVCs_trial_ed1b05ae
87,87_0,ContinuityErrors,0.004657316884,,29.0,111240,BoTorch,FAILED,0.23606771186551948,87,0.09266492706820136,0.018298798195993206,0.03974087570109998,0.16157786921466522,0,0.11578035924129917,0.8,0.01369339617222988,113,0.01799409323068637,39,0.11012353127843745,0.8,0.017466031715436387,189,0.01594925639230054,152,/tmp/data/trials/AVCs_trial_67341695
88,88_0,ContinuityErrors,0.003840644363,,8.0,123552,BoTorch,FAILED,0.22756151782317735,110,0.09376393616750274,0.01958661447174598,0.03759710382504083,0.14142378834155345,40,0.11436197573191695,0.8,0.012266310986999488,109,0.019546982029149246,38,0.11608905379685279,0.8,0.015345935449285898,213,0.015913306471884825,154,/tmp/data/trials/AVCs_trial_a724aa1a
89,89_0,ContinuityErrors,0.005039282777,,5.0,128669,BoTorch,EARLY_STOPPED,0.22891681672974853,62,0.08574094238924726,0.022105005045200955,0.04130205209648018,0.15217790318786434,-48,0.11291599914799715,0.8,0.013637915934871113,95,0.019559539106162708,35,0.11238970068859525,0.5,0.01841646340819384,216,0.014794527456312065,155,/tmp/data/trials/AVCs_trial_4716051a
90,90_0,ContinuityErrors,0.004957728908,,6.0,133603,BoTorch,EARLY_STOPPED,0.22739164998691835,76,0.09489224102990702,0.01885374817161296,0.03681320721942996,0.15579087111510456,-46,0.11040023634784703,0.8,0.012384372418979413,95,0.019525438095406338,63,0.12,0.5,0.018068689531311494,205,0.016012893198542787,153,/tmp/data/trials/AVCs_trial_ec562175
91,91_0,ContinuityErrors,0.0047774498,,6.0,136080,BoTorch,EARLY_STOPPED,0.23195005193786014,84,0.08844120207661421,0.02095472459974795,0.045,0.12,-80,0.11673072960838961,0.8,0.01647165517988405,113,0.01931880935959291,44,0.0966343443330838,0.5,0.01689917341879269,182,0.014767233193107764,152,/tmp/data/trials/AVCs_trial_6f200270
92,92_0,ContinuityErrors,0.004925236781,,5.0,139947,BoTorch,EARLY_STOPPED,0.22299153061164695,61,0.08852345897850698,0.022911839809605566,0.04122207037313485,0.1393268452586785,-18,0.10719029599967533,0.8,0.012816265296121442,116,0.02,31,0.11714869674969045,0.5,0.018732171851183664,208,0.014742623266284602,151,/tmp/data/trials/AVCs_trial_58454ab7
93,93_0,ContinuityErrors,0.004669673402,,12.0,144748,BoTorch,FAILED,0.2184995306692944,67,0.08988405939394274,0.020467705438216664,0.03705829711079075,0.13774287347647962,74,0.11581597948634693,0.8,0.015979235841712198,102,0.01929080043649045,40,0.11328991900816476,0.5,0.015854881942287912,195,0.015303368018753628,151,/tmp/data/trials/AVCs_trial_76834edf
94,94_0,ContinuityErrors,0.004801400798,,6.0,150004,BoTorch,EARLY_STOPPED,0.22341350874933188,83,0.09069605877930045,0.020870132747843873,0.03909412060507788,0.16635381403935276,9,0.10928965024316162,0.8,0.01169497980257528,89,0.019327351378211365,39,0.11549512117464823,0.5,0.018478729295902652,217,0.015253159893936281,150,/tmp/data/trials/AVCs_trial_bf36f153
95,95_0,ContinuityErrors,0.004936446996,,5.0,153571,BoTorch,EARLY_STOPPED,0.22915232160493423,73,0.08793958387177081,0.023732186102004418,0.04026094317754426,0.12,-10,0.11542765936496674,0.8,0.016267425867031803,104,0.02,31,0.11413468210070588,0.8,0.017893457511871973,197,0.015057863152284745,158,/tmp/data/trials/AVCs_trial_e7431f03
96,96_0,ContinuityErrors,0.00516173673,,5.0,155900,BoTorch,EARLY_STOPPED,0.2293786267134908,70,0.08977034641030893,0.01899774416343589,0.045,0.1929430518101062,-52,0.11521757183425574,0.8,0.01102950824638486,102,0.019210803159859322,92,0.12,0.5,0.01878412675571527,209,0.015907374787351984,150,/tmp/data/trials/AVCs_trial_49d78c9b
97,97_0,ContinuityErrors,0.005362696435,,5.0,158804,BoTorch,EARLY_STOPPED,0.2287526855314844,57,0.09001735299053477,0.02077597607136072,0.0394307532493934,0.13479096344310515,-44,0.11096793409070511,0.8,0.01492682707307243,85,0.01955631417850782,39,0.11071963984155067,0.5,0.016456628963607802,195,0.015003343632150699,150,/tmp/data/trials/AVCs_trial_34fc8008
98,98_0,CH4DomainAvg,0.06475774239739997,,0.0,161419,BoTorch,COMPLETED,0.22729116513791658,80,0.08995581200674649,0.022395508996907506,0.03483614857708528,0.13501265095927695,-77,0.11782966051654897,0.8,0.01,114,0.019867137859527338,46,0.11053894040631185,0.5,0.018948156568337624,196,0.01511398502464507,154,/tmp/data/trials/AVCs_trial_308e60af
98,98_0,ContinuityErrors,0.004641794515,,25.0,161419,BoTorch,COMPLETED,0.22729116513791658,80,0.08995581200674649,0.022395508996907506,0.03483614857708528,0.13501265095927695,-77,0.11782966051654897,0.8,0.01,114,0.019867137859527338,46,0.11053894040631185,0.5,0.018948156568337624,196,0.01511398502464507,154,/tmp/data/trials/AVCs_trial_308e60af
98,98_0,PatternFactor,8.619525741761565,,0.0,161419,BoTorch,COMPLETED,0.22729116513791658,80,0.08995581200674649,0.022395508996907506,0.03483614857708528,0.13501265095927695,-77,0.11782966051654897,0.8,0.01,114,0.019867137859527338,46,0.11053894040631185,0.5,0.018948156568337624,196,0.01511398502464507,154,/tmp/data/trials/AVCs_trial_308e60af
98,98_0,TemperatureRise,0.10395522885901401,,0.0,161419,BoTorch,COMPLETED,0.22729116513791658,80,0.08995581200674649,0.022395508996907506,0.03483614857708528,0.13501265095927695,-77,0.11782966051654897,0.8,0.01,114,0.019867137859527338,46,0.11053894040631185,0.5,0.018948156568337624,196,0.01511398502464507,154,/tmp/data/trials/AVCs_trial_308e60af
99,99_0,ContinuityErrors,0.00489735122,,6.0,164317,BoTorch,EARLY_STOPPED,0.22840201825659678,64,0.08857472593585415,0.02180382230304613,0.038459793259403095,0.12,-4,0.11125044807856606,0.8,0.015493114945560353,89,0.02,40,0.11707075244868996,0.5,0.01794091186182104,195,0.015193071582275848,154,/tmp/data/trials/AVCs_trial_cc843ea3
